{
  "model": "distilbert-base-uncased",
  "attn_layer": 0,
  "hidden_layer": 5,
  "layers_total": 6,
  "heads": 12,
  "variance_2d": 0.7356612086296082,
  "static_embedding_xy": [
    -6.070478916168213,
    -3.3387722969055176
  ],
  "contexts": [
    {
      "label": "legal",
      "text": "The prosecutor dropped the charge in court.",
      "tokens": [
        "[CLS]",
        "the",
        "prosecutor",
        "dropped",
        "the",
        "charge",
        "in",
        "court",
        ".",
        "[SEP]"
      ],
      "charge_index": 5,
      "attention_from_charge": [
        0.22115512192249298,
        0.021974340081214905,
        0.16570217907428741,
        0.0882854238152504,
        0.13819576799869537,
        0.07216472923755646,
        0.08857297897338867,
        0.11170052736997604,
        0.02946515567600727,
        0.06278378516435623
      ],
      "attention_content_only": [
        0.0,
        0.03576371034225554,
        0.26968385460455346,
        0.1436864230326101,
        0.22491657992751138,
        0.0,
        0.14415442522721844,
        0.1817950068658511,
        0.0,
        0.0
      ],
      "vector_xy": [
        5.030200958251953,
        -2.297192335128784
      ]
    },
    {
      "label": "financial",
      "text": "I disputed the charge on my credit card statement.",
      "tokens": [
        "[CLS]",
        "i",
        "disputed",
        "the",
        "charge",
        "on",
        "my",
        "credit",
        "card",
        "statement",
        ".",
        "[SEP]"
      ],
      "charge_index": 4,
      "attention_from_charge": [
        0.18509714305400848,
        0.0359678789973259,
        0.10524042695760727,
        0.1433783918619156,
        0.06755877286195755,
        0.1009289100766182,
        0.05293595418334007,
        0.08292634785175323,
        0.06807386130094528,
        0.08843452483415604,
        0.018456583842635155,
        0.05100119486451149
      ],
      "attention_content_only": [
        0.0,
        0.053058867255738246,
        0.15524790450657516,
        0.21150802530525067,
        0.0,
        0.14888766842269927,
        0.07808972462008401,
        0.12233076303989109,
        0.10042076627929404,
        0.13045628057046751,
        0.0,
        0.0
      ],
      "vector_xy": [
        2.114872455596924,
        -1.504220724105835
      ]
    },
    {
      "label": "electrical",
      "text": "The charge built up on the wire and sparked.",
      "tokens": [
        "[CLS]",
        "the",
        "charge",
        "built",
        "up",
        "on",
        "the",
        "wire",
        "and",
        "sparked",
        ".",
        "[SEP]"
      ],
      "charge_index": 2,
      "attention_from_charge": [
        0.2266649454832077,
        0.14638270437717438,
        0.0695439949631691,
        0.16581767797470093,
        0.06079478934407234,
        0.02904614247381687,
        0.015313087962567806,
        0.06503526121377945,
        0.022136032581329346,
        0.12175613641738892,
        0.018963219597935677,
        0.05854598805308342
      ],
      "attention_content_only": [
        0.0,
        0.2337329566612372,
        0.0,
        0.26476526926203714,
        0.09707257372683742,
        0.04637870839246076,
        0.024450793830686178,
        0.10384344212937525,
        0.03534516161589894,
        0.19441109438146711,
        0.0,
        0.0
      ],
      "vector_xy": [
        -0.20723074674606323,
        1.0024681091308594
      ]
    },
    {
      "label": "physical",
      "text": "The cavalry charge broke the enemy line.",
      "tokens": [
        "[CLS]",
        "the",
        "cavalry",
        "charge",
        "broke",
        "the",
        "enemy",
        "line",
        ".",
        "[SEP]"
      ],
      "charge_index": 3,
      "attention_from_charge": [
        0.19690126180648804,
        0.04214024171233177,
        0.29831451177597046,
        0.06814273446798325,
        0.16023136675357819,
        0.03387672081589699,
        0.09101429581642151,
        0.03961179032921791,
        0.019992556422948837,
        0.04977450892329216
      ],
      "attention_content_only": [
        0.0,
        0.06335078650436578,
        0.44846584117108274,
        0.0,
        0.24088098914577835,
        0.05092796862738123,
        0.13682473068074547,
        0.05954968387064643,
        0.0,
        0.0
      ],
      "vector_xy": [
        -0.8673639297485352,
        6.137716770172119
      ]
    }
  ]
}